team,research_theme
Alessi,PD Functional Genomics
Awatramani,Circuitry and Brain-Body Interactions
Biederer,Circuitry and Brain-Body Interactions
Calakos,Circuitry and Brain-Body Interactions
Chen,Neuro-Immune Interactions
Cragg,Circuitry and Brain-Body Interactions
De Camilli,PD Functional Genomics
Desjardins,Neuro-Immune Interactions
Edwards,Circuitry and Brain-Body Interactions
Gradinaru,Circuitry and Brain-Body Interactions
Hafler,Neuro-Immune Interactions
Hardy,PD Functional Genomics
Harper,PD Functional Genomics
Hurley,PD Functional Genomics
Jakobsson,Neuro-Immune Interactions
Kaplitt,Circuitry and Brain-Body Interactions
Kirik,PD Functional Genomics
Kordower,Neuro-Immune Interactions
Lee,PD Functional Genomics
Liddle,Circuitry and Brain-Body Interactions
Mobley,Circuitry and Brain-Body Interactions
Reck-Peterson,PD Functional Genomics
Rio,PD Functional Genomics
Schapira,Neuro-Immune Interactions
Scherzer,PD Functional Genomics
Scholssmacher,Circuitry and Brain-Body Interactions
Strick,Circuitry and Brain-Body Interactions
Studer,PD Functional Genomics
Sulzer,Neuro-Immune Interactions
Surmeier,Circuitry and Brain-Body Interactions
Vangheluwe,PD Functional Genomics
Vila,Circuitry and Brain-Body Interactions
Voet,PD Functional Genomics
Wichmann,Circuitry and Brain-Body Interactions
Wood,PD Functional Genomics
